CourseName,Date Issued,Institution,Skills,URL
"Python, Bash and SQL Essentials for Data Engineering","May 11, 2022",Duke University,Bash (Unix Shell),https://www.coursera.org/account/accomplishments/specialization/66W9JUNGNZGL
Google Professional Workspace Administrator,"May 10, 2022",Google Cloud,,https://www.coursera.org/account/accomplishments/professional-cert/TNBHMJ9ATB3P
AWS Fundamentals,"September 8, 2020",Amazon Web Services,,https://www.coursera.org/account/accomplishments/specialization/YDWQBY4Y9F25
Online Learning  Design for Educators,"May 10, 2022",Macquarie University,,https://www.coursera.org/account/accomplishments/specialization/JKN4RNNPNYVW
Decentralized Finance (DeFi): The Future of Finance,"May 8, 2022",Duke University,,https://www.coursera.org/account/accomplishments/specialization/GSKRNNKZKJV2
Scripting with Python and SQL for Data Engineering,"May 11, 2022",Duke University,Database (DBMS),https://www.coursera.org/account/accomplishments/verify/Z7J68MFUM96M
Moral Foundations of Politics,"May 14, 2022",Yale University,,https://www.coursera.org/account/accomplishments/verify/88ACC9ZST3WW
Azure Synapse SQL Pool - Implement Polybase,"May 10, 2022",Coursera Project Network,Azure Data Lake Storage Gen2,https://www.coursera.org/account/accomplishments/verify/9QNRHZQXB33S
Cloud Computing Foundations,"May 10, 2022",Duke University,Github,https://www.coursera.org/account/accomplishments/verify/72MYJFWZ3YNU
Writing and Editing: Structure and Organization,"May 11, 2022",University of Michigan,Persuasion,https://www.coursera.org/account/accomplishments/verify/6QPV45CJ7DSG
Performance Assessment in the Virtual Classroom,"May 10, 2022","University of California, Irvine",,https://www.coursera.org/account/accomplishments/verify/J5GL928YWTB7
Python and Pandas for Data Engineering,"May 11, 2022",Duke University,Vim,https://www.coursera.org/account/accomplishments/verify/Z4HK38TQ7JXL
Advanced Instructional Strategies in the Virtual Classroom,"May 10, 2022","University of California, Irvine",,https://www.coursera.org/account/accomplishments/verify/GRATFY728JPM
Linux and Bash for Data Engineering,"May 11, 2022",Duke University,Bash (Unix Shell),https://www.coursera.org/account/accomplishments/verify/PSP26MYL5L2Q
Writing and Editing: Word Choice and Word Order,"May 14, 2022",University of Michigan,Persuasion,https://www.coursera.org/account/accomplishments/verify/R4DAA4VBY4RC
Writing and Editing: Revising,"May 10, 2022",University of Michigan,Persuasion,https://www.coursera.org/account/accomplishments/verify/G4RP5TYMKMR6
Leading transformations: Manage change,"May 10, 2022",Macquarie University,,https://www.coursera.org/account/accomplishments/verify/NZL3P3QKQ325
Search Engine Optimization (SEO) with Squarespace,"May 10, 2022",Coursera Project Network,Squarespace,https://www.coursera.org/account/accomplishments/verify/6ES5BMMCLA73
Increase SEO Traffic with WordPress,"May 10, 2022",Coursera Project Network,Web Development,https://www.coursera.org/account/accomplishments/verify/XDZUQLVP7BDD
"Cloud Virtualization, Containers and APIs","May 10, 2022",Duke University,,https://www.coursera.org/account/accomplishments/verify/9RU3M3G4R5JJ
Create a Professional Automated Landing Page using Mailchimp,"May 10, 2022",Coursera Project Network,email automation,https://www.coursera.org/account/accomplishments/verify/R3K6BR62XF6L
Emerging Trends & Technologies in the Virtual K-12 Classroom,"May 10, 2022","University of California, Irvine",Education,https://www.coursera.org/account/accomplishments/verify/KH4ZTWUQPMFW
Web Applications and Command-Line Tools for Data Engineering,"May 10, 2022",Duke University,Web Application,https://www.coursera.org/account/accomplishments/verify/TEM7LYAYVQ44
Writing and Editing: Drafting,"May 10, 2022",University of Michigan,Persuasion,https://www.coursera.org/account/accomplishments/verify/HJK74TFFSZNW
Customer-Centric IT Strategy,"May 10, 2022",University of Virginia,,https://www.coursera.org/account/accomplishments/verify/FW3Z5Y9TBQBE
Google Workspace Mail Management,"May 10, 2022",Google Cloud,,https://www.coursera.org/account/accomplishments/verify/XFPSQW497HRP
Making Money as a Freelancer,"May 10, 2022",California Institute of the Arts,,https://www.coursera.org/account/accomplishments/verify/NJGU4PTHFVZE
Foundations of Virtual Instruction,"May 10, 2022","University of California, Irvine",Education,https://www.coursera.org/account/accomplishments/verify/AFVQAEUAETHQ
"Create video, audio and infographics for online learning","May 10, 2022",Macquarie University,Infographics,https://www.coursera.org/account/accomplishments/verify/JQNU4UAQ69NT
Launching Your Freelancing Business,"May 10, 2022",California Institute of the Arts,,https://www.coursera.org/account/accomplishments/verify/G23MH9ZGM35U
Use Canva to Create Desktop and Mobile-friendly Web Pages.,"May 10, 2022",Coursera Project Network,Digital Marketting,https://www.coursera.org/account/accomplishments/verify/5E6EGL2PFLK3
Introduction to TCP/IP,"May 10, 2022",Yonsei University,Network Protocols,https://www.coursera.org/account/accomplishments/verify/AKJ46ERB76PN
Understanding Financial Markets,"May 10, 2022",University of Geneva,Bond Market,https://www.coursera.org/account/accomplishments/verify/UFWTJNHQYQCC
Protect and Grow Your Freelancing Business,"May 10, 2022",California Institute of the Arts,,https://www.coursera.org/account/accomplishments/verify/NCFLFCW3F9KX
Online teaching: Using Zoom to connect with learners,"May 10, 2022",Macquarie University,Video Conferencing,https://www.coursera.org/account/accomplishments/verify/9MHDHCAJG7RP
Stock Valuation with Comparable Companies Analysis,"May 9, 2022",Coursera Project Network,Securities Research,https://www.coursera.org/account/accomplishments/verify/EGAXF3D5XL9W
Introduction to Basic Game Development using Scratch,"May 9, 2022",Coursera Project Network,Coding,https://www.coursera.org/account/accomplishments/verify/VPXSL95CE77B
Getting Started with Azure DevOps Boards,"May 9, 2022",Coursera Project Network,Devops,https://www.coursera.org/account/accomplishments/verify/HMW86P3Y5NUS
Inclusive Leadership: The Power of Workplace Diversity,"May 9, 2022",University of Colorado System,Emotional Intelligence,https://www.coursera.org/account/accomplishments/verify/BUT9YFEBQ7LN
Initiating and Planning Projects,"May 10, 2022","University of California, Irvine",Project Management,https://www.coursera.org/account/accomplishments/verify/MSG5FGGYANYP
Online education: The foundations of online teaching,"May 9, 2022",Macquarie University,Pedagogy,https://www.coursera.org/account/accomplishments/verify/PFPJBXWXLPYF
"Intro to AR/VR/MR/XR: Technologies, Applications & Issues","May 8, 2022",University of Michigan,,https://www.coursera.org/account/accomplishments/verify/NH2KCQF2FVQY
Plan a Successful Freelancing Business,"May 9, 2022",California Institute of the Arts,,https://www.coursera.org/account/accomplishments/verify/B4R2W8TBZMK2
Managing Emotions in Times of Uncertainty & Stress,"May 9, 2022",Yale University,,https://www.coursera.org/account/accomplishments/verify/22G89JJB3BFG
Building a Business Presence With Facebook Marketing,"May 9, 2022",Coursera Project Network,Social Media Marketing,https://www.coursera.org/account/accomplishments/verify/QYM9EBJ8BHZT
Introduction to Google Workspace Administration,"May 8, 2022",Google Cloud,,https://www.coursera.org/account/accomplishments/verify/9UZDMBLG5TKK
Mind Control: Managing Your Mental Health During COVID-19,"May 8, 2022",University of Toronto,,https://www.coursera.org/account/accomplishments/verify/6EXVEYWHVLYE
Decentralized Finance (DeFi) Opportunities and Risks,"May 8, 2022",Duke University,Understanding smart contract risk,https://www.coursera.org/account/accomplishments/verify/83YC43NUGX4R
Decentralized Finance (DeFi) Primitives,"May 8, 2022",Duke University,Consensus mechanisms,https://www.coursera.org/account/accomplishments/verify/L6E6MDP9UNZ2
Docker Essentials & Building a Containerized Web Application,"May 8, 2022",Coursera Project Network,Docker,https://www.coursera.org/account/accomplishments/verify/9DTSKTKLS9J2
Managing Google Workspace,"May 8, 2022",Google Cloud,,https://www.coursera.org/account/accomplishments/verify/7ZJGZYVHDEA4
Planning for a Google Workspace Deployment,"May 8, 2022",Google Cloud,,https://www.coursera.org/account/accomplishments/verify/QT2H9WA7GA4A
Google Workspace Security,"May 8, 2022",Google Cloud,,https://www.coursera.org/account/accomplishments/verify/F9ERMM2KK25A
Decentralized Finance (DeFi) Deep Dive,"May 8, 2022",Duke University,Set Protocol’s tokenization method,https://www.coursera.org/account/accomplishments/verify/7DTUPL9LXXJK
Decentralized Finance (DeFi) Infrastructure,"May 8, 2022",Duke University,Cryptography,https://www.coursera.org/account/accomplishments/verify/QUPV7PSVKSK2
Google Cloud Fundamentals: Core Infrastructure,"December 20, 2020",Google Cloud,Google Compute Engine,https://www.coursera.org/account/accomplishments/verify/45GSLQ9SGRF6
Agile with Atlassian Jira,"December 23, 2020",Atlassian,Project Management,https://www.coursera.org/account/accomplishments/verify/T7RAVEL4G7ZD
Introduction to Front-end Development with ReactJS,"October 3, 2020",Coursera Project Network,Front-end Development,https://www.coursera.org/account/accomplishments/verify/XJCZ9ZZ7NZEF
Global Financial Markets and Instruments,"December 23, 2020",Rice University,Bond Valuation,https://www.coursera.org/account/accomplishments/verify/2VSS5YKSECTP
How Google does Machine Learning,"July 11, 2021",Google Cloud,Application Programming Interfaces (API),https://www.coursera.org/account/accomplishments/verify/QMDVGEMF4S49
Introduction to Docker: Build Your Own Portfolio Site,"January 5, 2021",Coursera Project Network,Docker (Software),https://www.coursera.org/account/accomplishments/verify/NZA6H9883UUL
Build Your First React Website,"October 3, 2020",Coursera Project Network,Web Development,https://www.coursera.org/account/accomplishments/verify/LNYG4Q7N23Z7
Crash Course on Python,"January 18, 2021",Google,Basic Python Data Structures,https://www.coursera.org/account/accomplishments/verify/VJSUZYB9QJYD
AWS Fundamentals: Building Serverless Applications,"September 8, 2020",Amazon Web Services,AWS Lambda,https://www.coursera.org/account/accomplishments/verify/64TWSRP9J24W
Usable Security,"December 23, 2020","University of Maryland, College Park",Cybersecurity,https://www.coursera.org/account/accomplishments/verify/NQ3RRQ89J4SC
AWS Fundamentals: Addressing Security Risk,"September 1, 2020",Amazon Web Services,aws,https://www.coursera.org/account/accomplishments/verify/X53ESPD6L8X3
AWS Fundamentals: Going Cloud-Native,"September 1, 2020",Amazon Web Services,Cloud Computing Security,https://www.coursera.org/account/accomplishments/verify/FWKC5Q83N2JN
AWS Fundamentals: Migrating to the Cloud,"August 28, 2020",Amazon Web Services,,https://www.coursera.org/account/accomplishments/verify/MNSYH9QQ8FBB